[
  { "value": "afg", "name": "Afghanistan" },
  { "value": "af", "name": "Afrikaans" },
  { "value": "al", "name": "Albania" },
  { "value": "dz", "name": "Algeria" },
  { "value": "ds", "name": "American Samoa" },
  { "value": "ad", "name": "Andorra" },
  { "value": "ao", "name": "Angola" },
  { "value": "ai", "name": "Anguilla" },
  { "value": "aq", "name": "Antarctica" },
  { "value": "ag", "name": " Antigua and Barbuda" },
  { "value": "ar", "name": "Argentina" },
  { "value": "am", "name": "Armenia" },
  { "value": "aw", "name": "Aruba" },
  { "value": "au", "name": "Australia" },
  { "value": "at", "name": "Austria" },
  { "value": "az", "name": "Azerbaijan" },
  { "value": "bs", "name": "Bahamas" },
  { "value": "bh", "name": "Bahrain" },
  { "value": "bd", "name": "Bangladesh" },
  { "value": "bb", "name": "Barbados" },
  { "value": "by", "name": "Belarus" },
  { "value": "be", "name": "Belgium" },
  { "value": "bz", "name": "Belize" },
  { "value": "bj", "name": "Benin" },
  { "value": "bm", "name": "Bermuda" },
  { "value": "bt", "name": "Bhutan" },
  { "value": "bo", "name": "Bolivia" },
  { "value": "ba", "name": "Bosnia and Herzegovina" },
  { "value": "bw", "name": "Botswana" },
  { "value": "br", "name": "Brazil" },
  { "value": "io", "name": "British Indian Ocean Territory" },
  { "value": "bn", "name": "Brunei" },
  { "value": "bg", "name": "Bulgaria" },
  { "value": "bf", "name": "Burkina" },
  { "value": "bi", "name": "Burundi" },
  { "value": "kh", "name": "Cambodia" },
  { "value": "cm", "name": "Cameroon" },
  { "value": "cv", "name": "Cape Verde" },
  { "value": "ky", "name": "Cayman Islands" },
  { "value": "cf", "name": "Central African Republic" },
  { "value": "td", "name": "Chad" },
  { "value": "cl", "name": "Chile" },
  { "value": "cn", "name": "China" },
  { "value": "cx", "name": "Christmas Island" },
  { "value": "cc", "name": "Cocos Islands" },
  { "value": "co", "name": "Colombia" },
  { "value": "km", "name": "Comoros" },
  { "value": "ck", "name": "Cook Islands" },
  { "value": "cr", "name": "Costa Rica" },
  { "value": "hr", "name": "Croatia" },
  { "value": "cu", "name": "Cuba" },
  { "value": "cy", "name": "Cyprus" },
  { "value": "cz", "name": "Czech Republic" },
  { "value": "cg", "name": "Congo" },
  { "value": "dk", "name": "Denmark" },
  { "value": "dj", "name": "Djibouti" },
  { "value": "dm", "name": "Dominica" },
  { "value": "tp", "name": "East Timor" },
  { "value": "ec", "name": "Ecuador" },
  { "value": "eg", "name": "Egypt" },
  { "value": "sv", "name": "El Salvador" },
  { "value": "gq", "name": "Equatorial Guinea" },
  { "value": "er", "name": "Eritrea" },
  { "value": "ee", "name": "Estonia" },
  { "value": "et", "name": "Ethiopia" },
  { "value": "fk", "name": "Falkland Islands" },
  { "value": "fo", "name": "Faroe" },
  { "value": "fj", "name": "Fiji" },
  { "value": "fi", "name": "Finland" },
  { "value": "fr", "name": "France" },
  { "value": "pf", "name": "French Polynesia" },
  { "value": "ga", "name": "Gabon" },
  { "value": "gm", "name": "Gambia" },
  { "value": "ge", "name": "Georgia" },
  { "value": "de", "name": "Germany" },
  { "value": "gh", "name": "Ghana" },
  { "value": "gi", "name": "Gibraltar" },
  { "value": "gr", "name": "Greece" },
  { "value": "gl", "name": "Greenland" },
  { "value": "gd", "name": "Grenada" },
  { "value": "gu", "name": "Guam" },
  { "value": "gt", "name": "Guatemala" },
  { "value": "gk", "name": "Guernsey" },
  { "value": "gn", "name": "Guinea" },
  { "value": "gw", "name": "Guinea" },
  { "value": "gy", "name": "Guyana" },
  { "value": "ht", "name": "Haiti" },
  { "value": "hn", "name": "Honduras" },
  { "value": "hk", "name": "Hong Kong" },
  { "value": "hu", "name": "Hungary" },
  { "value": "is", "name": "Iceland" },
  { "value": "in", "name": "India" },
  { "value": "id", "name": "Indonesia" },
  { "value": "ir", "name": "Iran" },
  { "value": "iq", "name": "Iraq" },
  { "value": "ie", "name": "Ireland" },
  { "value": "im", "name": "Isle of" },
  { "value": "il", "name": "Israel" },
  { "value": "it", "name": "Italy" },
  { "value": "ci", "name": "Ivory" },
  { "value": "jm", "name": "Jamaica" },
  { "value": "jp", "name": "Japan" },
  { "value": "je", "name": "Jersey" },
  { "value": "jo", "name": "Jordan" },
  { "value": "kz", "name": "Kazakhstan" },
  { "value": "ke", "name": "Kenya" },
  { "value": "ki", "name": "Kiribati" },
  { "value": "kp", "name": "North Korea" },
  { "value": "kr", "name": "South Korea" },
  { "value": "xk", "name": "Kosovo" },
  { "value": "kw", "name": "Kuwait" },
  { "value": "kg", "name": "Kyrgyzstan" },
  { "value": "la", "name": "Laos" },
  { "value": "lv", "name": "Latvia" },
  { "value": "lb", "name": "Lebanon" },
  { "value": "ls", "name": "Lesotho" },
  { "value": "lr", "name": "Liberia" },
  { "value": "ly", "name": "Libya" },
  { "value": "li", "name": "Liechtenstein" },
  { "value": "lt", "name": "Lithuania" },
  { "value": "lu", "name": "Luxembourg" },
  { "value": "mo", "name": "Macau" },
  { "value": "mk", "name": "Macedonia" },
  { "value": "mg", "name": "Madagascar" },
  { "value": "mw", "name": "Malawi" },
  { "value": "my", "name": "Malaysia" },
  { "value": "mv", "name": "Maldives" },
  { "value": "ml", "name": "Mali" },
  { "value": "mt", "name": "Malta" },
  { "value": "mh", "name": "Marshall Islands" },
  { "value": "mr", "name": "Mauritania" },
  { "value": "mu", "name": "Mauritius" },
  { "value": "ty", "name": "Mayotte" },
  { "value": "mx", "name": "Mexico" },
  { "value": "fm", "name": "Micronesia" },
  { "value": "md", "name": "Moldova, Republic of" },
  { "value": "mc", "name": "Monaco" },
  { "value": "mn", "name": "Mongolia" },
  { "value": "me", "name": "Montenegro" },
  { "value": "ms", "name": "Montserrat" },
  { "value": "ma", "name": "Morocco" },
  { "value": "mz", "name": "Mozambique" },
  { "value": "mm", "name": "Myanmar" },
  { "value": "na", "name": "Namibia" },
  { "value": "nr", "name": "Nauru" },
  { "value": "np", "name": "Nepal" },
  { "value": "nl", "name": "Netherlands" },
  { "value": "an", "name": "Netherlands Antilles" },
  { "value": "nc", "name": "New Caledonia" },
  { "value": "nz", "name": "New Zealand" },
  { "value": "ni", "name": "Nicaragua" },
  { "value": "ne", "name": "Niger" },
  { "value": "ng", "name": "Nigeria" },
  { "value": "nu", "name": "Niue" },
  { "value": "mp", "name": "Northern Mariana Islands" },
  { "value": "no", "name": "Norway" },
  { "value": "om", "name": "Oman" },
  { "value": "pk", "name": "Pakistan" },
  { "value": "pw", "name": "Palau" },
  { "value": "ps", "name": "Palestine" },
  { "value": "pa", "name": "Panama" },
  { "value": "pg", "name": "Papua New Guinea" },
  { "value": "py", "name": "Paraguay" },
  { "value": "pe", "name": "Peru" },
  { "value": "ph", "name": "Philippines" },
  { "value": "pn", "name": "Pitcairn" },
  { "value": "pl", "name": "Poland" },
  { "value": "pt", "name": "Portugal" },
  { "value": "qa", "name": "Qatar" },
  { "value": "re", "name": "Reunion" },
  { "value": "ro", "name": "Romania" },
  { "value": "ru", "name": "Russian" },
  { "value": "rw", "name": "Rwanda" },
  { "value": "kn", "name": "Saint Kitts and Nevis" },
  { "value": "lc", "name": "Saint Lucia" },
  { "value": "vc", "name": "Saint Vincent and the Grenadines" },

  { "value": "ws", "name": "Samoa" },
  { "value": "sm", "name": "San Marino" },
  { "value": "st", "name": "Sao Tome and" },
  { "value": "sa", "name": "Saudi Arabia" },
  { "value": "sn", "name": "Senegal" },
  { "value": "rs", "name": "Serbia" },
  { "value": "sc", "name": "Seychelles" },
  { "value": "sl", "name": "Sierra" },
  { "value": "sg", "name": "Singapore" },
  { "value": "sk", "name": "Slovakia" },
  { "value": "si", "name": "Slovenia" },
  { "value": "sb", "name": "Solomon Islands" },
  { "value": "so", "name": "Somalia" },
  { "value": "za", "name": "South Africa" },
  { "value": "es", "name": "Spain" },
  { "value": "lk", "name": "Sri Lanka" },
  { "value": "sd", "name": "Sudan" },
  { "value": "sr", "name": "Suriname" },
  { "value": "sj", "name": "Svalbard and Jan Mayen" },
  { "value": "sz", "name": "Swaziland" },
  { "value": "se", "name": "Sweden" },
  { "value": "ch", "name": "Switzerland" },
  { "value": "sy", "name": "Syria" },
  { "value": "tw", "name": "Taiwan" },
  { "value": "tj", "name": "Tajikistan" },
  { "value": "tz", "name": "Tanzania" },
  { "value": "th", "name": "Thailand" },
  { "value": "tg", "name": "Togo" },
  { "value": "tk", "name": "Tokelau" },
  { "value": "to", "name": "Tonga" },
  { "value": "tt", "name": "Trinidad and Tobago" },
  { "value": "tn", "name": "Tunisia" },
  { "value": "tr", "name": "Turkey" },
  { "value": "tm", "name": "Turkmenistan" },
  { "value": "tc", "name": "Turks and Caicos Islands" },
  { "value": "tv", "name": "Tuvalu" },
  { "value": "ug", "name": "Uganda" },
  { "value": "ua", "name": "Ukraine" },
  { "value": "gb", "name": "United" },
  { "value": "ae", "name": "United Arab Emirates" },
  { "value": "us", "name": "United States of America" },
  { "value": "uy", "name": "Uruguay" },
  { "value": "uz", "name": "Uzbekistan" },
  { "value": "vu", "name": "Vanuatu" },
  { "value": "va", "name": "Vatican City State" },
  { "value": "ve", "name": "Venezuela" },
  { "value": "vn", "name": "Vietnam" },
  { "value": "vi", "name": "Virgin Islands (U.S.)" },
  { "value": "wf", "name": "Wallis and Futuna Islands" },
  { "value": "eh", "name": "Western" },
  { "value": "ye", "name": "Yemen" },
  { "value": "zm", "name": "Zambia" },
  { "value": "zw", "name": "Zimbabwe" }
]
